Day;Visits
domingo, 25 de mayo de 2008;182
lunes, 26 de mayo de 2008;195
martes, 27 de mayo de 2008;304
miércoles, 28 de mayo de 2008;282
jueves, 29 de mayo de 2008;263
viernes, 30 de mayo de 2008;218
sábado, 31 de mayo de 2008;188
domingo, 1 de junio de 2008;195
lunes, 2 de junio de 2008;244
martes, 3 de junio de 2008;241
miércoles, 4 de junio de 2008;252
jueves, 5 de junio de 2008;241
viernes, 6 de junio de 2008;209
sábado, 7 de junio de 2008;198
domingo, 8 de junio de 2008;195
lunes, 9 de junio de 2008;247
martes, 10 de junio de 2008;231
miércoles, 11 de junio de 2008;224
jueves, 12 de junio de 2008;198
viernes, 13 de junio de 2008;180
sábado, 14 de junio de 2008;166
domingo, 15 de junio de 2008;179
lunes, 16 de junio de 2008;218
martes, 17 de junio de 2008;227
miércoles, 18 de junio de 2008;228
jueves, 19 de junio de 2008;228
viernes, 20 de junio de 2008;204
sábado, 21 de junio de 2008;168
domingo, 22 de junio de 2008;178
lunes, 23 de junio de 2008;167
martes, 24 de junio de 2008;192
miércoles, 25 de junio de 2008;199
jueves, 26 de junio de 2008;219
viernes, 27 de junio de 2008;206
sábado, 28 de junio de 2008;178
domingo, 29 de junio de 2008;184
lunes, 30 de junio de 2008;193
martes, 1 de julio de 2008;204
miércoles, 2 de julio de 2008;90
jueves, 3 de julio de 2008;94
viernes, 4 de julio de 2008;60
sábado, 5 de julio de 2008;67
domingo, 6 de julio de 2008;91
lunes, 7 de julio de 2008;140
martes, 8 de julio de 2008;129
miércoles, 9 de julio de 2008;142
jueves, 10 de julio de 2008;129
viernes, 11 de julio de 2008;110
sábado, 12 de julio de 2008;56
domingo, 13 de julio de 2008;68
lunes, 14 de julio de 2008;127
martes, 15 de julio de 2008;116
miércoles, 16 de julio de 2008;127
jueves, 17 de julio de 2008;114
viernes, 18 de julio de 2008;125
sábado, 19 de julio de 2008;67
domingo, 20 de julio de 2008;91
lunes, 21 de julio de 2008;139
martes, 22 de julio de 2008;232
miércoles, 23 de julio de 2008;165
jueves, 24 de julio de 2008;185
viernes, 25 de julio de 2008;148
sábado, 26 de julio de 2008;84
domingo, 27 de julio de 2008;74
lunes, 28 de julio de 2008;163
martes, 29 de julio de 2008;159
miércoles, 30 de julio de 2008;178
jueves, 31 de julio de 2008;126
viernes, 1 de agosto de 2008;111
sábado, 2 de agosto de 2008;95
domingo, 3 de agosto de 2008;85
lunes, 4 de agosto de 2008;150
martes, 5 de agosto de 2008;149
miércoles, 6 de agosto de 2008;139
jueves, 7 de agosto de 2008;111
viernes, 8 de agosto de 2008;124
sábado, 9 de agosto de 2008;91
domingo, 10 de agosto de 2008;77
lunes, 11 de agosto de 2008;122
martes, 12 de agosto de 2008;115
miércoles, 13 de agosto de 2008;125
jueves, 14 de agosto de 2008;110
viernes, 15 de agosto de 2008;112
sábado, 16 de agosto de 2008;76
domingo, 17 de agosto de 2008;74
lunes, 18 de agosto de 2008;107
martes, 19 de agosto de 2008;134
miércoles, 20 de agosto de 2008;115
jueves, 21 de agosto de 2008;122
viernes, 22 de agosto de 2008;108
sábado, 23 de agosto de 2008;74
domingo, 24 de agosto de 2008;73
lunes, 25 de agosto de 2008;111
martes, 26 de agosto de 2008;103
miércoles, 27 de agosto de 2008;98
jueves, 28 de agosto de 2008;97
viernes, 29 de agosto de 2008;77
sábado, 30 de agosto de 2008;67
domingo, 31 de agosto de 2008;64
lunes, 1 de septiembre de 2008;59
martes, 2 de septiembre de 2008;91
miércoles, 3 de septiembre de 2008;108
jueves, 4 de septiembre de 2008;107
viernes, 5 de septiembre de 2008;83
sábado, 6 de septiembre de 2008;65
domingo, 7 de septiembre de 2008;59
lunes, 8 de septiembre de 2008;85
martes, 9 de septiembre de 2008;91
miércoles, 10 de septiembre de 2008;102
jueves, 11 de septiembre de 2008;95
viernes, 12 de septiembre de 2008;81
sábado, 13 de septiembre de 2008;49
domingo, 14 de septiembre de 2008;57
lunes, 15 de septiembre de 2008;95
martes, 16 de septiembre de 2008;98
miércoles, 17 de septiembre de 2008;105
jueves, 18 de septiembre de 2008;81
viernes, 19 de septiembre de 2008;77
sábado, 20 de septiembre de 2008;50
domingo, 21 de septiembre de 2008;52
lunes, 22 de septiembre de 2008;84
martes, 23 de septiembre de 2008;137
miércoles, 24 de septiembre de 2008;122
jueves, 25 de septiembre de 2008;103
viernes, 26 de septiembre de 2008;98
sábado, 27 de septiembre de 2008;56
domingo, 28 de septiembre de 2008;59
lunes, 29 de septiembre de 2008;94
martes, 30 de septiembre de 2008;111
miércoles, 1 de octubre de 2008;98
jueves, 2 de octubre de 2008;105
viernes, 3 de octubre de 2008;86
sábado, 4 de octubre de 2008;58
domingo, 5 de octubre de 2008;51
lunes, 6 de octubre de 2008;91
martes, 7 de octubre de 2008;87
miércoles, 8 de octubre de 2008;84
jueves, 9 de octubre de 2008;99
viernes, 10 de octubre de 2008;96
sábado, 11 de octubre de 2008;53
domingo, 12 de octubre de 2008;51
lunes, 13 de octubre de 2008;88
martes, 14 de octubre de 2008;81
miércoles, 15 de octubre de 2008;101
jueves, 16 de octubre de 2008;88
viernes, 17 de octubre de 2008;103
sábado, 18 de octubre de 2008;46
domingo, 19 de octubre de 2008;59
lunes, 20 de octubre de 2008;86
martes, 21 de octubre de 2008;92
miércoles, 22 de octubre de 2008;101
jueves, 23 de octubre de 2008;94
viernes, 24 de octubre de 2008;85
sábado, 25 de octubre de 2008;53
domingo, 26 de octubre de 2008;47
lunes, 27 de octubre de 2008;91
martes, 28 de octubre de 2008;99
miércoles, 29 de octubre de 2008;95
jueves, 30 de octubre de 2008;89
viernes, 31 de octubre de 2008;83
sábado, 1 de noviembre de 2008;47
domingo, 2 de noviembre de 2008;39
lunes, 3 de noviembre de 2008;84
martes, 4 de noviembre de 2008;90
miércoles, 5 de noviembre de 2008;94
jueves, 6 de noviembre de 2008;93
viernes, 7 de noviembre de 2008;86
sábado, 8 de noviembre de 2008;51
domingo, 9 de noviembre de 2008;48
lunes, 10 de noviembre de 2008;84
martes, 11 de noviembre de 2008;91
miércoles, 12 de noviembre de 2008;103
jueves, 13 de noviembre de 2008;96
viernes, 14 de noviembre de 2008;74
sábado, 15 de noviembre de 2008;47
domingo, 16 de noviembre de 2008;52
lunes, 17 de noviembre de 2008;94
martes, 18 de noviembre de 2008;91
miércoles, 19 de noviembre de 2008;116
jueves, 20 de noviembre de 2008;74
viernes, 21 de noviembre de 2008;80
sábado, 22 de noviembre de 2008;51
domingo, 23 de noviembre de 2008;58
lunes, 24 de noviembre de 2008;75
martes, 25 de noviembre de 2008;131
miércoles, 26 de noviembre de 2008;106
jueves, 27 de noviembre de 2008;56
viernes, 28 de noviembre de 2008;57
sábado, 29 de noviembre de 2008;53
domingo, 30 de noviembre de 2008;58
lunes, 1 de diciembre de 2008;78
martes, 2 de diciembre de 2008;102
miércoles, 3 de diciembre de 2008;93
jueves, 4 de diciembre de 2008;82
viernes, 5 de diciembre de 2008;83
sábado, 6 de diciembre de 2008;53
domingo, 7 de diciembre de 2008;52
lunes, 8 de diciembre de 2008;96
martes, 9 de diciembre de 2008;85
miércoles, 10 de diciembre de 2008;86
jueves, 11 de diciembre de 2008;98
viernes, 12 de diciembre de 2008;84
sábado, 13 de diciembre de 2008;44
domingo, 14 de diciembre de 2008;58
lunes, 15 de diciembre de 2008;81
martes, 16 de diciembre de 2008;117
miércoles, 17 de diciembre de 2008;81
jueves, 18 de diciembre de 2008;111
viernes, 19 de diciembre de 2008;81
sábado, 20 de diciembre de 2008;62
domingo, 21 de diciembre de 2008;49
lunes, 22 de diciembre de 2008;70
martes, 23 de diciembre de 2008;67
miércoles, 24 de diciembre de 2008;57
jueves, 25 de diciembre de 2008;53
viernes, 26 de diciembre de 2008;41
sábado, 27 de diciembre de 2008;46
domingo, 28 de diciembre de 2008;53
lunes, 29 de diciembre de 2008;74
martes, 30 de diciembre de 2008;55
miércoles, 31 de diciembre de 2008;53
jueves, 1 de enero de 2009;53
viernes, 2 de enero de 2009;49
sábado, 3 de enero de 2009;65
domingo, 4 de enero de 2009;50
lunes, 5 de enero de 2009;85
martes, 6 de enero de 2009;84
miércoles, 7 de enero de 2009;87
jueves, 8 de enero de 2009;105
viernes, 9 de enero de 2009;84
sábado, 10 de enero de 2009;52
domingo, 11 de enero de 2009;37
lunes, 12 de enero de 2009;96
martes, 13 de enero de 2009;97
miércoles, 14 de enero de 2009;92
jueves, 15 de enero de 2009;122
viernes, 16 de enero de 2009;106
sábado, 17 de enero de 2009;81
domingo, 18 de enero de 2009;67
lunes, 19 de enero de 2009;113
martes, 20 de enero de 2009;108
miércoles, 21 de enero de 2009;132
jueves, 22 de enero de 2009;135
viernes, 23 de enero de 2009;116
sábado, 24 de enero de 2009;124
domingo, 25 de enero de 2009;80
lunes, 26 de enero de 2009;141
martes, 27 de enero de 2009;165
miércoles, 28 de enero de 2009;165
jueves, 29 de enero de 2009;175
viernes, 30 de enero de 2009;135
sábado, 31 de enero de 2009;139
domingo, 1 de febrero de 2009;145
lunes, 2 de febrero de 2009;144
martes, 3 de febrero de 2009;186
miércoles, 4 de febrero de 2009;145
jueves, 5 de febrero de 2009;173
viernes, 6 de febrero de 2009;177
sábado, 7 de febrero de 2009;237
domingo, 8 de febrero de 2009;262
lunes, 9 de febrero de 2009;319
martes, 10 de febrero de 2009;309
miércoles, 11 de febrero de 2009;330
jueves, 12 de febrero de 2009;329
viernes, 13 de febrero de 2009;361
sábado, 14 de febrero de 2009;407
domingo, 15 de febrero de 2009;392
lunes, 16 de febrero de 2009;277
martes, 17 de febrero de 2009;276
miércoles, 18 de febrero de 2009;288
jueves, 19 de febrero de 2009;216
viernes, 20 de febrero de 2009;247
sábado, 21 de febrero de 2009;317
domingo, 22 de febrero de 2009;240
lunes, 23 de febrero de 2009;307
martes, 24 de febrero de 2009;428
miércoles, 25 de febrero de 2009;248
jueves, 26 de febrero de 2009;357
viernes, 27 de febrero de 2009;375
sábado, 28 de febrero de 2009;369
domingo, 1 de marzo de 2009;538
lunes, 2 de marzo de 2009;545
martes, 3 de marzo de 2009;448
miércoles, 4 de marzo de 2009;546
jueves, 5 de marzo de 2009;624
viernes, 6 de marzo de 2009;518
sábado, 7 de marzo de 2009;507
domingo, 8 de marzo de 2009;315
lunes, 9 de marzo de 2009;664
martes, 10 de marzo de 2009;478
miércoles, 11 de marzo de 2009;189
jueves, 12 de marzo de 2009;238
viernes, 13 de marzo de 2009;209
sábado, 14 de marzo de 2009;470
domingo, 15 de marzo de 2009;476
lunes, 16 de marzo de 2009;541
martes, 17 de marzo de 2009;436
miércoles, 18 de marzo de 2009;485
jueves, 19 de marzo de 2009;518
viernes, 20 de marzo de 2009;419
sábado, 21 de marzo de 2009;131
domingo, 22 de marzo de 2009;213
lunes, 23 de marzo de 2009;308
martes, 24 de marzo de 2009;234
miércoles, 25 de marzo de 2009;224
jueves, 26 de marzo de 2009;232
viernes, 27 de marzo de 2009;221
sábado, 28 de marzo de 2009;231
domingo, 29 de marzo de 2009;220
lunes, 30 de marzo de 2009;251
martes, 31 de marzo de 2009;267
miércoles, 1 de abril de 2009;169
jueves, 2 de abril de 2009;253
viernes, 3 de abril de 2009;285
sábado, 4 de abril de 2009;334
domingo, 5 de abril de 2009;132
lunes, 6 de abril de 2009;170
martes, 7 de abril de 2009;185
miércoles, 8 de abril de 2009;178
jueves, 9 de abril de 2009;157
viernes, 10 de abril de 2009;147
sábado, 11 de abril de 2009;117
domingo, 12 de abril de 2009;120
lunes, 13 de abril de 2009;186
martes, 14 de abril de 2009;175
miércoles, 15 de abril de 2009;176
jueves, 16 de abril de 2009;203
viernes, 17 de abril de 2009;186
sábado, 18 de abril de 2009;185
domingo, 19 de abril de 2009;108
lunes, 20 de abril de 2009;159
martes, 21 de abril de 2009;184
miércoles, 22 de abril de 2009;166
jueves, 23 de abril de 2009;159
viernes, 24 de abril de 2009;293
sábado, 25 de abril de 2009;179
domingo, 26 de abril de 2009;242
lunes, 27 de abril de 2009;192
martes, 28 de abril de 2009;242
miércoles, 29 de abril de 2009;241
jueves, 30 de abril de 2009;271
viernes, 1 de mayo de 2009;283
sábado, 2 de mayo de 2009;203
domingo, 3 de mayo de 2009;218
lunes, 4 de mayo de 2009;248
martes, 5 de mayo de 2009;216
miércoles, 6 de mayo de 2009;204
jueves, 7 de mayo de 2009;233
viernes, 8 de mayo de 2009;222
sábado, 9 de mayo de 2009;173
domingo, 10 de mayo de 2009;186
lunes, 11 de mayo de 2009;200
martes, 12 de mayo de 2009;184
miércoles, 13 de mayo de 2009;176
jueves, 14 de mayo de 2009;205
viernes, 15 de mayo de 2009;197
sábado, 16 de mayo de 2009;154
domingo, 17 de mayo de 2009;176
lunes, 18 de mayo de 2009;199
martes, 19 de mayo de 2009;166
miércoles, 20 de mayo de 2009;176
jueves, 21 de mayo de 2009;162
viernes, 22 de mayo de 2009;175
sábado, 23 de mayo de 2009;137
domingo, 24 de mayo de 2009;137
lunes, 25 de mayo de 2009;139
martes, 26 de mayo de 2009;161
miércoles, 27 de mayo de 2009;158
jueves, 28 de mayo de 2009;129
viernes, 29 de mayo de 2009;137
sábado, 30 de mayo de 2009;96
domingo, 31 de mayo de 2009;112
lunes, 1 de junio de 2009;144
martes, 2 de junio de 2009;148
miércoles, 3 de junio de 2009;148
jueves, 4 de junio de 2009;145
viernes, 5 de junio de 2009;159
sábado, 6 de junio de 2009;107
domingo, 7 de junio de 2009;107
lunes, 8 de junio de 2009;144
martes, 9 de junio de 2009;132
miércoles, 10 de junio de 2009;138
jueves, 11 de junio de 2009;135
viernes, 12 de junio de 2009;130
sábado, 13 de junio de 2009;96
domingo, 14 de junio de 2009;118
lunes, 15 de junio de 2009;145
martes, 16 de junio de 2009;146
miércoles, 17 de junio de 2009;139
jueves, 18 de junio de 2009;150
viernes, 19 de junio de 2009;143
sábado, 20 de junio de 2009;101
domingo, 21 de junio de 2009;89
lunes, 22 de junio de 2009;134
martes, 23 de junio de 2009;131
miércoles, 24 de junio de 2009;132
jueves, 25 de junio de 2009;139
viernes, 26 de junio de 2009;116
sábado, 27 de junio de 2009;94
domingo, 28 de junio de 2009;96
lunes, 29 de junio de 2009;134
martes, 30 de junio de 2009;135
miércoles, 1 de julio de 2009;121
jueves, 2 de julio de 2009;128
viernes, 3 de julio de 2009;100
sábado, 4 de julio de 2009;88
domingo, 5 de julio de 2009;105
lunes, 6 de julio de 2009;149
martes, 7 de julio de 2009;121
miércoles, 8 de julio de 2009;119
jueves, 9 de julio de 2009;118
viernes, 10 de julio de 2009;115
sábado, 11 de julio de 2009;79
domingo, 12 de julio de 2009;122
lunes, 13 de julio de 2009;150
martes, 14 de julio de 2009;140
miércoles, 15 de julio de 2009;128
jueves, 16 de julio de 2009;146
viernes, 17 de julio de 2009;120
sábado, 18 de julio de 2009;94
domingo, 19 de julio de 2009;100
lunes, 20 de julio de 2009;136
martes, 21 de julio de 2009;156
miércoles, 22 de julio de 2009;142
jueves, 23 de julio de 2009;107
viernes, 24 de julio de 2009;122
sábado, 25 de julio de 2009;97
domingo, 26 de julio de 2009;88
lunes, 27 de julio de 2009;119
martes, 28 de julio de 2009;193
miércoles, 29 de julio de 2009;150
jueves, 30 de julio de 2009;139
viernes, 31 de julio de 2009;141
sábado, 1 de agosto de 2009;94
domingo, 2 de agosto de 2009;86
lunes, 3 de agosto de 2009;143
martes, 4 de agosto de 2009;111
miércoles, 5 de agosto de 2009;147
jueves, 6 de agosto de 2009;128
viernes, 7 de agosto de 2009;108
sábado, 8 de agosto de 2009;69
domingo, 9 de agosto de 2009;84
lunes, 10 de agosto de 2009;141
martes, 11 de agosto de 2009;126
miércoles, 12 de agosto de 2009;120
jueves, 13 de agosto de 2009;113
viernes, 14 de agosto de 2009;106
sábado, 15 de agosto de 2009;91
domingo, 16 de agosto de 2009;95
lunes, 17 de agosto de 2009;109
martes, 18 de agosto de 2009;122
miércoles, 19 de agosto de 2009;151
jueves, 20 de agosto de 2009;138
viernes, 21 de agosto de 2009;101
sábado, 22 de agosto de 2009;60
domingo, 23 de agosto de 2009;80
lunes, 24 de agosto de 2009;137
martes, 25 de agosto de 2009;147
miércoles, 26 de agosto de 2009;132
jueves, 27 de agosto de 2009;101
viernes, 28 de agosto de 2009;112
sábado, 29 de agosto de 2009;63